{"cameraMode":{"drawMode":0,"name":"Shaded","section":"Shading Mode"},"sceneLighting":false,"audioPlay":false,"sceneViewState":{"m_AlwaysRefresh":false,"showFog":true,"showSkybox":false,"showFlares":true,"showImageEffects":true,"showParticleSystems":true,"showVisualEffectGraphs":true,"m_FxEnabled":true},"in2DMode":false,"pivot":{"x":0.42952561378479006,"y":1.0653042793273926,"z":0.6262270212173462},"rotation":{"x":0.22316628694534303,"y":-0.36255282163619997,"z":0.08999419957399368,"w":0.9004247784614563},"size":1.178562879562378,"orthographic":true}